LIMIT_BAL,SEX,EDUCATION,MARRIAGE,AGE,SEPT_STATUS,AUGUST_STATUS,JULY_STATUS,JUNE_STATUS,MAY_STATUS,APRILL_STATUS,SEPT_BILL,AUGUST_BILL,JULY_BILL,JUNE_BILL,MAY_BILL,APRIL_BILL,SEPT_PAID,AUGUST_PAID,JULY_PAID,JUNE_PAID,MAY_PAID,APRIL_PAID,DEFAULTED
10000,1,1,2,21,9,9,7,9,9,9,4797,6457,6154,6154,6280,0,2400,0,0,126,0,0,0
10000,1,1,2,22,9,9,9,9,9,9,9363,5062,6021,6763,7648,8367,1200,1200,1000,1000,1000,0,0
10000,1,1,2,22,9,9,9,9,9,9,5757,6706,7715,7873,8742,9551,1200,1128,286,1000,955,0,0
10000,1,1,2,22,9,9,9,9,9,9,9240,9131,9601,9797,9997,7497,1230,1000,196,200,0,0,0
10000,1,1,2,22,9,9,9,9,9,9,18289,9217,10203,9634,9857,9704,1317,1303,334,373,326,1359,0
10000,1,1,2,22,8,5,6,7,7,7,8357,8085,7817,7545,8268,7993,0,0,0,1000,0,750,1
10000,1,1,2,22,8,10,9,9,9,9,0,7492,8589,9365,7740,1000,7492,1224,1000,175,0,0,0
10000,1,1,1,22,9,9,9,9,9,9,9473,9661,9001,9768,9233,9154,1288,1400,1200,300,800,500,1
20000,1,1,2,22,9,9,9,11,11,11,19624,16972,0,0,0,0,1000,0,0,0,0,0,1
20000,1,1,2,22,9,9,9,9,9,9,11242,11070,11788,9607,9191,0,1282,1000,192,184,0,0,0
20000,1,1,2,22,9,9,9,9,9,9,18535,18541,18270,16992,19025,35744,5109,1600,2400,3800,739,2000,1
20000,1,1,2,22,11,11,10,10,7,7,20732,19981,431,20786,20355,18752,2,431,20355,0,2732,7189,1
20000,1,1,2,22,8,7,9,9,9,9,18977,18374,18458,18852,19546,21165,0,1680,1000,1000,2100,0,0
20000,1,1,2,22,9,9,9,9,9,7,18306,18977,19328,19035,19262,12308,1287,1462,1522,1165,0,1000,0
20000,1,1,2,22,8,5,6,7,9,9,21425,21410,20786,19994,10700,0,620,0,4,0,0,0,1
30000,1,1,2,22,7,9,9,9,9,9,28328,29505,25362,19493,5765,0,1704,1250,390,115,0,0,0
50000,1,1,2,22,9,9,9,9,9,9,42678,38239,22691,8807,7143,6967,1500,1100,1000,500,500,1000,1
50000,1,1,2,22,8,11,11,11,11,11,0,0,0,0,0,0,0,0,0,0,0,0,0
50000,1,1,2,22,9,9,10,9,9,9,48423,44450,956,976,1976,2939,2150,956,20,1000,1000,1000,1
50000,1,1,2,22,9,9,9,9,10,10,6673,5054,2340,1990,1377,1080,1056,1000,40,1377,1080,382,1
50000,1,1,3,22,9,9,9,9,9,9,46450,47599,48456,44546,43256,13342,2200,2016,2009,2092,1020,1018,0
50000,1,1,2,22,9,9,9,9,9,9,45803,46696,15287,7694,7921,8041,2400,1123,500,500,400,500,0
50000,1,1,3,22,9,9,9,9,9,9,45458,46450,47599,48456,44546,43256,2051,2200,2016,2009,2092,1020,1
50000,1,1,2,22,7,9,9,10,9,9,47021,48423,44450,956,976,1976,2543,2150,956,20,1000,1000,1
10000,1,1,2,23,9,9,9,9,9,7,6974,7838,9002,9182,9729,9411,1134,1298,478,847,0,175,0
10000,1,1,2,23,9,9,9,9,9,9,6001,4308,3421,3615,4402,5173,2000,1500,400,1000,1000,500,0
10000,1,1,2,23,9,9,9,9,9,9,5807,6974,7838,9002,9182,9729,1270,1134,1298,478,847,0,0
10000,1,1,2,23,9,9,9,9,9,9,7787,8412,9450,9414,5354,5275,1299,1337,1081,191,375,0,0
10000,1,1,2,23,9,9,9,9,9,9,8604,8594,9259,9733,9528,9513,1600,1351,1215,400,200,166,0
20000,1,1,3,23,10,10,9,9,9,9,3675,19316,19844,19844,20388,19554,19316,1261,651,803,747,155,1
20000,1,1,2,23,9,9,9,9,9,9,10103,11139,12106,12349,11420,11641,1205,1172,415,404,400,400,0
20000,1,1,2,23,10,7,10,10,10,10,780,390,380,390,0,780,0,380,400,0,780,0,0
20000,1,1,2,23,8,7,7,6,7,7,9126,8835,11088,10618,10304,11232,0,2400,0,0,1100,0,1
20000,1,1,2,23,9,9,9,9,9,9,17030,18064,19046,19221,18603,19075,1315,1297,672,675,781,734,0
20000,1,1,2,23,7,7,7,7,6,7,15034,17676,17100,19111,18525,18080,3200,0,2600,0,0,1700,1
20000,1,1,2,23,8,7,9,9,9,6,14034,13524,14983,16197,18932,18271,0,2000,1780,3000,0,0,1
20000,1,1,2,23,9,9,10,9,9,9,17010,-820,19970,19580,20180,20000,0,21490,600,600,600,0,0
20000,1,1,2,23,9,9,9,10,10,10,2331,3544,3064,1587,-193,3107,2700,2300,2100,0,5000,0,1
20000,1,1,2,23,10,9,9,9,9,9,9525,16977,18546,18846,18066,17463,8000,2000,900,0,1000,0,0
20000,1,1,2,23,10,10,10,9,9,9,1706,6354,6849,4113,3910,2547,6394,6849,82,78,51,16522,0
20000,1,1,2,23,9,9,9,9,9,9,8038,9060,11600,12307,12703,12970,1161,2701,1204,600,620,622,1
20000,1,1,2,23,8,7,10,10,9,9,19901,19105,572,19206,18595,19135,0,572,20502,1000,840,705,0
20000,1,1,2,23,9,9,9,9,9,9,19812,20388,19145,20124,20127,20150,1300,1330,1309,702,719,1000,0
20000,1,1,1,23,9,9,9,9,9,9,18455,19990,20215,19298,19807,12294,2000,20000,1612,1121,702,1000,0
20000,1,1,2,23,7,9,9,9,9,11,18337,19317,19645,19935,0,0,1602,1710,1000,0,0,0,1
30000,1,1,2,23,7,7,7,7,7,7,10732,20501,20831,21231,20589,31018,10000,1000,1000,0,13000,0,0
30000,1,1,2,23,7,9,9,9,9,9,29144,30419,30097,25887,25707,0,2033,1420,0,92,0,0,1
30000,1,1,2,23,8,7,9,9,9,9,30391,29144,30419,30097,25887,25707,0,2033,1420,0,92,0,0
30000,1,1,2,23,9,9,11,10,9,9,4443,370,380,590,7704,20204,430,400,601,7504,15005,5674,0
40000,1,1,2,23,9,9,9,9,9,11,15045,15899,16700,17500,0,0,1400,1200,1000,0,0,0,0
50000,1,1,2,23,9,9,9,9,9,9,47620,41810,36023,28967,29829,30046,1973,1426,1001,1432,1062,997,0
50000,1,1,2,23,7,7,7,9,9,9,44470,51192,48506,18524,19239,19283,7800,173,1000,1000,1000,1000,0
50000,1,1,2,23,9,9,9,9,9,9,47033,43512,32287,34156,14618,3648,1707,1318,496,1076,708,20027,0
50000,1,1,2,23,8,11,11,11,11,11,0,0,0,0,0,0,0,0,0,0,0,0,0
50000,1,1,2,23,9,9,9,10,10,10,7965,8404,10240,170,-220,390,1500,2000,170,0,1000,3309,0
50000,1,1,3,23,9,9,9,11,11,11,13352,14111,0,0,0,0,1066,0,0,0,0,1000,0
50000,1,1,2,23,7,9,9,9,9,9,11744,10935,11664,10872,9392,9456,1507,1500,300,500,500,118,1
50000,1,1,2,23,9,9,10,10,10,10,42821,6609,1600,5087,4270,7881,1008,1600,5087,4270,7881,1000,0
50000,1,1,2,23,9,9,9,9,9,9,47104,25555,16097,16337,16330,16708,2000,1500,800,700,650,700,0
50000,1,1,2,23,10,10,7,9,9,11,1789,4249,4038,5275,0,0,2500,0,1500,0,0,0,1
50000,1,1,3,23,9,9,9,9,9,9,43087,44468,46653,43143,19003,-317,2100,3260,1200,1000,0,16628,1
50000,1,1,2,23,9,9,11,11,11,11,4332,0,0,0,0,0,0,0,0,0,0,0,0
50000,1,1,2,23,9,9,9,9,9,9,9168,10178,11200,12214,12608,12718,1166,1188,1202,596,461,462,0
60000,1,1,2,23,9,9,9,9,9,9,15592,16643,15557,15526,16273,17001,2000,1400,1000,1000,1000,1000,0
80000,1,1,2,23,10,7,10,10,10,11,1053,193,9387,125,-68,-261,0,9387,125,0,0,0,0
90000,1,1,2,23,6,7,9,9,9,9,92154,87700,61110,14223,9784,5155,0,2200,1000,477,103,0,1
10000,1,1,2,24,8,7,7,7,7,7,7826,8745,8440,9229,8969,8819,1200,0,900,0,2000,0,0
10000,1,1,2,24,9,9,9,9,9,9,4050,5426,6743,8544,9858,1303,2000,2000,2000,2000,1000,0,0
10000,1,1,2,24,10,10,10,9,9,9,6217,5082,5400,5012,1740,390,5112,5400,2,4,0,5039,0
10000,1,1,2,24,10,10,9,9,9,9,273,8327,9379,9566,9766,10042,8327,1200,342,354,438,200,0
10000,1,1,2,24,8,6,7,6,7,9,5530,5792,6050,5808,5569,5876,500,500,0,0,400,364,1
10000,1,1,2,24,8,10,9,10,9,9,-372,4253,1777,780,780,0,5253,1500,780,0,0,0,0
10000,1,1,2,24,9,10,10,9,9,9,9285,273,8327,9379,9566,9766,273,8327,1200,342,354,438,0
10000,1,1,2,24,9,9,9,9,9,9,2736,4050,5426,6743,8544,9858,3000,2000,2000,2000,2000,1000,0
20000,1,1,2,24,9,9,9,9,9,7,12188,12904,14217,14360,16140,16287,1220,1533,676,2177,559,0,1
20000,1,1,2,24,8,7,9,9,9,9,17231,15897,16232,16555,16104,16055,0,1300,573,576,600,1900,0
20000,1,1,2,24,9,9,9,9,9,9,9249,10439,11448,11561,12221,12865,1500,1487,600,1000,1000,1000,1
20000,1,1,2,24,10,10,10,9,9,9,1473,390,8595,7454,7208,0,390,8595,149,144,0,780,0
20000,1,1,2,24,9,9,9,9,10,10,17895,19598,19701,3486,199,0,2000,1000,400,199,0,0,0
20000,1,1,2,24,8,10,9,9,9,7,0,5536,18884,18059,18163,16990,5536,14000,137,500,0,0,0
20000,1,1,2,24,9,9,9,9,7,7,13470,14748,15761,17497,17075,19777,1500,1264,2000,0,3000,0,1
20000,1,1,2,24,9,9,9,9,9,11,14628,16391,18045,18055,0,0,3000,2000,1000,0,0,0,0
20000,1,1,2,24,8,11,11,11,11,11,-1400,-1400,-1400,-1000,-1000,0,0,0,1000,0,1000,0,0
20000,1,1,2,24,6,6,7,7,7,7,15846,16283,17325,17542,17756,18023,1000,1600,800,800,700,800,1
20000,1,1,2,24,9,9,9,9,9,9,16973,17984,18748,19627,19624,19652,1600,1357,1236,623,653,673,0
20000,1,1,2,24,9,9,9,9,9,10,18661,17895,19598,19701,3486,199,1400,2000,1000,400,199,0,0
20000,1,1,2,24,7,9,9,9,9,9,11179,12188,12904,14217,14360,16140,1504,1220,1533,676,2177,559,1
20000,1,1,2,24,9,9,9,9,9,9,15570,16996,18414,19843,19643,3300,2000,2000,2200,0,100,0,0
20000,1,1,2,24,4,5,6,7,7,11,21151,20537,19933,19167,18767,18767,0,0,0,0,0,0,0
20000,1,1,2,24,9,9,9,9,9,9,3724,5646,6808,14046,13924,16924,2000,1262,7500,278,3000,0,0
20000,1,1,2,24,8,6,7,9,9,6,14665,14146,13634,14401,16257,15713,0,0,1300,2101,0,0,1
20000,1,1,2,24,10,7,10,10,10,10,546,48,498,449,1651,1114,0,948,449,1700,1114,0,0
20000,1,1,2,24,5,6,7,9,9,9,20569,19927,16371,17291,18001,18706,0,0,1500,1000,1000,836,1
20000,1,1,2,24,7,9,9,7,7,7,8295,9310,12130,11644,12250,11910,1160,2980,0,1100,0,1000,1
20000,1,1,2,24,8,7,9,9,9,9,20464,19322,19004,19558,19176,19441,4,1640,1589,1000,1001,1004,0
20000,1,1,2,24,9,9,9,9,9,9,19438,16944,17990,19671,19244,19443,1273,1319,2000,674,693,693,0
30000,1,1,2,24,7,7,7,9,9,11,28470,31407,30200,30000,0,0,3407,0,0,0,0,0,0
40000,1,1,2,24,7,9,9,9,9,9,39149,39189,40543,38922,39901,40746,1658,2012,1392,1605,1668,1201,1
50000,1,1,2,24,10,10,10,10,9,9,2562,8743,-290,18115,18495,18804,8769,0,18650,659,1000,1000,0
50000,1,1,2,24,10,9,9,10,10,11,25437,25873,0,100,0,0,2000,0,100,0,0,0,1
50000,1,1,2,24,9,9,9,9,10,10,7198,8421,9202,9800,1000,0,1500,1000,598,1000,0,0,1
50000,1,1,2,24,5,6,7,7,7,9,27226,26508,26976,27206,26631,27185,0,1200,968,0,998,1479,1
50000,1,1,3,24,9,9,9,9,9,9,48497,49564,19207,18963,19741,19901,2089,1580,1000,1000,1500,1500,1
50000,1,1,3,24,8,11,11,11,11,11,0,0,0,0,0,0,0,0,0,0,0,0,0
50000,1,1,2,24,9,9,9,9,9,9,40751,30786,30285,14225,12668,10880,1627,3053,2005,550,400,1000,0
50000,1,1,3,24,9,9,7,9,9,9,29341,27139,13295,14126,12185,8419,1806,1000,1112,366,503,500,0
50000,1,1,2,24,8,7,7,9,9,9,52354,52651,51056,49515,42189,19938,2211,0,2174,2000,6473,0,1
50000,1,1,2,24,8,7,9,9,10,10,50645,48259,45079,30783,1727,150,0,2177,1702,2000,350,0,0
60000,1,1,2,24,9,9,9,9,7,9,58819,59810,56566,30627,30203,28648,3000,1768,3954,1000,1500,1200,0
60000,1,1,2,24,10,9,9,9,9,9,15527,16882,18190,27465,27643,27816,2000,2000,10000,991,1010,989,0
60000,1,1,2,24,9,9,9,9,9,10,33270,16636,17321,17421,18421,891,1715,1400,500,1000,900,19000,0
60000,1,1,2,24,9,9,9,9,9,9,17054,16963,17298,17889,17847,17827,1600,1300,1277,625,644,639,0
80000,1,1,2,24,8,10,10,10,10,10,0,832,416,416,416,416,1248,416,416,416,416,416,0
100000,1,1,2,24,8,7,9,9,9,9,100364,97551,66365,62913,9389,6076,107,2893,2104,312,207,2004,0
10000,1,1,2,25,7,9,9,9,9,11,4693,5371,6327,6055,0,0,1300,1600,400,0,0,0,1
10000,1,1,2,25,10,10,10,10,10,10,3161,390,390,390,0,1280,390,390,390,0,1280,6380,0
10000,1,1,2,25,9,9,9,9,9,9,6892,7915,10086,18714,9781,9979,1294,2465,500,1000,500,0,0
10000,1,1,2,25,9,9,9,9,9,10,8525,5141,5239,7911,17890,10000,1500,5000,4000,2000,22400,0,0
10000,1,1,2,25,8,7,7,7,9,9,9737,9947,9802,8450,4060,0,1352,1000,0,1000,900,0,1
20000,1,1,2,25,7,7,5,5,5,5,1650,1650,1650,1650,1650,1650,0,0,0,0,0,0,1
20000,1,1,2,25,9,9,9,9,9,9,13701,14413,15781,15939,16271,16590,1241,1609,717,738,740,789,0
20000,1,1,3,25,9,9,9,9,9,9,15706,16849,17285,18683,9121,14374,1700,1110,1500,500,300,150,0
20000,1,1,2,25,9,9,10,10,10,10,3556,3271,798,798,798,408,1481,798,798,798,408,1188,0
20000,1,1,2,25,9,9,7,6,7,7,9248,11859,14264,13746,13228,14333,3100,2900,0,0,1325,670,0
20000,1,1,2,25,6,7,7,5,5,5,1650,1650,1650,1650,1650,1650,0,0,0,0,0,0,1
30000,1,1,2,25,7,7,7,9,9,7,22440,24168,23481,23950,25659,25098,2390,0,859,2097,0,1092,1
30000,1,1,2,25,11,11,11,11,11,11,780,0,390,749,390,0,0,390,749,390,0,805,1
30000,1,1,2,25,9,9,9,9,9,11,10198,28773,18031,13127,0,0,18808,1200,263,0,0,0,0
30000,1,1,2,25,9,9,9,9,9,7,22821,23846,24864,25360,26999,26414,1397,1415,911,2051,0,1500,0
30000,1,1,2,25,7,9,9,9,9,7,23421,24228,25331,26347,27508,30118,1500,1500,1439,1600,3200,0,1
30000,1,1,2,25,9,9,9,9,9,9,23075,23996,25407,27312,8810,6355,2000,2500,3000,178,1000,0,0
30000,1,1,2,25,9,9,11,11,11,11,1211,-50,-440,-830,-1220,-1220,0,0,0,0,0,2000,0
50000,1,1,2,25,10,9,9,9,9,9,42838,37225,36087,9636,9590,10030,1759,1779,320,500,1000,1000,0
50000,1,1,2,25,8,7,7,9,9,7,43685,44694,43673,44659,49512,48454,2000,0,2000,6000,300,3000,0
50000,1,1,2,25,9,9,9,9,7,7,46277,47713,44006,29737,30615,29975,2500,2300,2500,1500,0,1000,0
50000,1,1,2,25,9,9,9,9,9,9,45943,45922,34514,23610,21760,6398,1818,1400,472,435,128,25518,0
50000,1,1,2,25,9,9,9,9,9,9,35227,36236,21068,18132,18405,16754,2011,2000,2000,1000,1000,1000,0
50000,1,1,2,25,9,9,9,9,7,7,47727,45926,47095,49485,49083,45187,2100,2200,3500,2000,0,5151,0
50000,1,1,2,25,9,9,7,7,9,9,39686,43685,44694,43673,44659,49512,5000,2000,0,2000,6000,300,0
50000,1,1,2,25,9,9,9,9,9,9,50184,50664,50633,48724,19208,19917,2000,1925,5006,2000,1016,725,0
60000,1,1,2,25,9,9,9,9,9,9,59817,47872,38605,28184,28862,29161,3000,2000,1500,1500,1300,2000,0
60000,1,1,2,25,9,9,9,9,9,9,57530,59869,59942,28934,27461,28504,3869,2742,1200,1461,1504,1683,0
60000,1,1,2,25,9,9,9,9,9,9,56753,57530,59869,59942,28934,27461,2700,3869,2742,1200,1461,1504,0
70000,1,1,2,25,8,7,9,9,9,9,69447,67209,56580,24991,16036,16667,0,4000,1500,3000,2500,5000,1
80000,1,1,2,25,9,9,9,9,9,9,80493,78736,71663,57571,58485,59655,3035,3021,2300,2500,2300,2500,0
80000,1,1,2,25,9,9,9,10,9,9,78230,76277,36232,30200,30326,30290,2289,1005,31063,1094,1109,1013,0
90000,1,1,2,25,9,9,9,9,11,11,6822,6995,7884,0,0,0,1172,1061,0,0,0,193,1
90000,1,1,2,25,8,6,7,7,7,7,25179,24496,23325,24336,24817,25338,0,0,1405,886,919,1104,1
100000,1,1,2,25,7,7,7,9,9,9,96889,102893,99176,80358,75007,76805,8513,128,3011,3000,3200,3400,1
100000,1,1,2,25,9,9,9,9,9,9,76068,69334,54883,55383,36095,31322,2895,2088,1511,1124,1053,1009,0
20000,1,1,2,26,9,9,9,9,9,9,16514,17547,18541,19250,19805,20356,1306,1300,1000,1000,1258,590,0
20000,1,1,2,26,1,2,3,4,5,6,43340,42619,35381,31539,27409,23567,0,0,0,0,0,300,0
20000,1,1,2,26,10,10,10,11,11,11,96,780,0,0,0,0,1560,0,0,0,0,0,0
20000,1,1,3,26,6,7,6,7,9,9,10135,11926,11448,10970,11636,12442,2100,0,0,1000,1000,0,1
20000,1,1,2,26,9,9,11,11,11,11,16320,0,0,0,0,0,0,0,0,0,0,0,0
20000,1,1,2,26,7,9,9,9,9,9,17880,19224,19327,18696,19233,19909,1641,2400,632,800,1000,1500,1
20000,1,1,2,26,7,7,10,10,7,9,20155,10356,556,20897,20438,20325,0,600,20900,1,805,752,0
20000,1,1,2,26,10,6,7,9,9,9,20780,20172,19400,20000,20000,0,0,0,1000,0,0,0,0
20000,1,1,2,26,7,9,9,9,9,9,14081,15835,16985,19985,9421,9764,2000,2000,3000,1000,500,1000,1
20000,1,1,2,26,6,6,7,9,9,9,21667,21081,19661,26158,13560,15324,0,25,2000,1000,2000,1000,1
20000,1,1,2,26,6,7,7,7,7,10,150,150,150,150,150,1150,0,0,0,0,1150,0,1
20000,1,1,3,26,7,6,7,6,7,9,10449,10135,11926,11448,10970,11636,0,2100,0,0,1000,1000,1
30000,1,1,3,26,8,7,9,9,9,9,30814,29551,24034,21155,18413,0,0,1500,1150,900,0,0,1
30000,1,1,2,26,8,10,7,9,10,10,-857,29237,1170,780,10500,0,30484,0,0,10500,0,0,0
30000,1,1,2,26,9,9,7,9,9,9,25535,28738,27999,28097,28670,7770,3641,0,1000,573,1000,0,0
30000,1,1,2,26,7,7,7,7,7,7,14598,13998,15467,14913,17692,16302,2000,2000,0,3009,0,2000,0
30000,1,1,2,26,9,9,9,9,9,9,28337,27203,25791,18972,28051,20782,2000,2000,1600,10000,2140,0,0
50000,1,1,2,26,9,9,9,9,9,9,35429,30626,30241,20284,19166,19567,1537,1947,800,1000,718,683,0
50000,1,1,2,26,9,9,9,9,7,9,25060,26649,28202,30727,30098,32580,2000,2000,3000,0,3000,3000,0
50000,1,1,2,26,7,9,9,9,9,9,50951,49139,46802,47622,48686,47459,2500,2100,1900,2000,1746,1890,1
50000,1,1,2,26,8,7,6,7,9,9,48560,52047,50597,20378,18344,19618,4570,0,0,2000,2000,341,0
50000,1,1,2,26,9,9,9,9,9,10,24132,20109,19932,19762,10708,20148,1902,1200,30,1031,20201,605,0
50000,1,1,2,26,11,11,11,11,11,11,0,0,0,0,0,0,0,0,0,0,0,0,0
50000,1,1,2,26,7,7,7,9,9,9,22578,23720,23046,23314,23801,24354,1800,0,950,862,947,814,0
50000,1,1,2,26,9,9,9,9,9,9,42040,30427,17818,17028,16387,15728,2000,2000,1000,1000,1000,1000,0
50000,1,1,2,26,7,9,9,7,7,7,41827,42650,45930,44891,47654,48721,1800,4000,0,3500,2000,0,1
50000,1,1,2,26,8,11,11,11,11,11,0,0,0,0,0,0,0,0,0,0,0,0,0
50000,1,1,3,26,8,7,7,9,9,9,14655,15688,13400,13596,13861,14255,1600,0,2000,2000,2000,2000,1
50000,1,1,2,26,7,9,9,9,9,9,31708,32439,28302,13881,14376,15261,1700,2000,1500,1100,1500,2000,0
50000,1,1,2,26,9,9,9,9,9,9,50316,48987,49299,48103,48669,48507,3000,3000,2200,2000,2000,2300,0
50000,1,1,2,26,9,9,9,9,9,9,50343,24132,20109,19932,19762,10708,1319,1902,1200,30,1031,20201,0
50000,1,1,2,26,9,9,9,11,11,11,50419,40200,0,0,0,0,1000,0,0,0,0,0,1
50000,1,1,2,26,9,9,9,9,9,9,49006,48814,49180,44941,20056,19783,2000,2000,2005,700,856,1000,0
50000,1,1,2,26,7,9,9,9,9,9,49644,94883,42097,32394,16658,17006,2047,5728,1300,1194,617,650,1
50000,1,1,2,26,9,9,9,9,9,9,24003,25597,26237,19296,19127,18997,2000,1425,1598,819,705,819,0
50000,1,1,2,26,9,9,9,9,9,9,50632,49654,49746,50365,35157,19796,1808,2084,1703,975,683,657,0
60000,1,1,2,26,8,7,9,9,9,9,61966,60308,47536,17079,18219,19542,0,5021,5000,2000,2000,1720,0
60000,1,1,2,26,9,9,9,9,9,9,56387,57648,59521,58637,38490,38492,2200,2805,1764,1356,1500,1523,0
70000,1,1,4,26,8,7,7,9,9,9,39073,40154,39214,39861,41063,42918,2000,0,1600,2000,2700,1500,1
70000,1,1,2,26,9,9,7,9,9,9,64494,69272,62196,62809,48047,49110,5916,0,2315,1718,2000,2000,1
80000,1,1,2,26,8,7,7,7,7,7,71661,69947,74755,75732,74397,80138,0,6000,2800,0,7000,8,0
80000,1,1,2,26,9,9,9,9,9,9,79558,81906,76228,76841,9534,7371,3694,3470,3305,500,300,500,1
100000,1,1,2,26,7,9,9,9,9,9,107643,109895,93420,73119,73642,71579,4048,3105,2700,2510,2703,2700,1
100000,1,1,2,26,9,9,9,9,9,10,30627,31894,33049,33112,0,715,2326,2000,1300,0,715,0,0
10000,1,1,2,27,8,11,11,11,11,11,0,0,0,0,0,0,0,0,0,0,0,0,0
20000,1,1,3,27,9,9,7,9,9,9,20184,20702,20057,19583,19991,20446,2950,2,687,709,965,559,1
20000,1,1,3,27,8,6,7,9,9,11,20386,20757,19200,20000,0,0,1000,0,1000,0,0,0,0
20000,1,1,2,27,9,9,9,9,10,7,20443,19038,38730,-210,690,150,1558,1400,400,1290,0,780,0
20000,1,1,2,27,9,9,11,11,11,11,36908,0,0,0,0,0,0,0,0,0,0,0,0
20000,1,1,2,27,9,9,9,9,9,9,13384,14153,15417,16944,18992,15888,1300,1500,2000,2048,0,4500,1
20000,1,1,2,27,6,7,7,4,4,5,1200,1200,1200,1200,1200,600,0,0,0,0,0,0,1
20000,1,1,3,27,11,11,11,11,11,11,-2000,780,0,-1000,0,1222,2780,2000,1000,1000,1222,1800,0
20000,1,1,2,27,10,10,10,10,11,11,390,0,780,0,0,0,0,780,0,0,0,0,0
20000,1,1,2,27,9,9,9,9,7,7,13621,14984,16431,18835,18235,19535,1596,2000,3000,0,1600,0,0
20000,1,1,2,27,8,7,9,9,9,9,20079,18696,19872,20100,19704,18004,0,1782,1400,394,0,226,0
20000,1,1,2,27,9,9,9,9,9,9,11849,13144,14429,15659,16959,-41,1500,1500,1500,1500,3000,13500,1
30000,1,1,2,27,9,9,9,9,9,7,27061,28129,29377,29625,30134,28716,1504,1752,1000,2257,0,2287,0
30000,1,1,2,27,9,9,9,9,10,10,18556,20252,22419,22075,29466,28911,2000,3008,5066,29572,1911,1000,0
30000,1,1,2,27,9,9,9,9,9,9,29584,25645,24564,25823,26269,26335,3000,2000,2000,2500,3000,2500,0
50000,1,1,2,27,7,7,7,7,7,7,54529,53143,53782,50982,51740,49062,1800,3900,300,3400,0,4000,0
50000,1,1,2,27,9,9,9,9,9,9,50577,46529,46791,47922,49482,0,2138,1400,3000,5000,0,0,1
50000,1,1,2,27,9,9,9,9,9,9,45557,46763,43000,29241,29115,28804,2300,1803,1200,1400,1500,1500,0
50000,1,1,2,27,9,9,9,9,9,9,45002,46053,45120,45870,46975,49284,2100,2100,1800,2000,3100,1300,0
50000,1,1,2,27,9,9,9,9,9,9,49684,45435,37636,32034,28133,23860,1961,2075,1294,999,934,849,0
50000,1,1,2,27,10,10,10,10,10,10,3150,9375,725,21423,6308,12651,9375,730,21423,6308,12651,6243,0
50000,1,1,2,27,9,9,11,11,10,10,32590,-100,0,0,70,120,0,100,0,70,200,100,0
50000,1,1,2,27,9,9,9,9,9,9,48534,48429,49884,43799,20191,19096,1824,2279,1194,594,599,566,0
50000,1,1,2,27,9,9,11,11,11,11,17500,0,0,0,0,0,0,0,0,0,0,0,0
60000,1,1,2,27,9,9,9,9,9,9,37170,36918,10163,10692,15307,19838,2000,3000,1000,5000,5000,1000,0
70000,1,1,2,27,7,7,7,6,6,7,58009,56479,63633,64500,62867,64210,0,8100,2500,0,2500,2455,1
80000,1,1,2,27,9,9,9,9,9,9,47163,86021,44400,23954,24574,24772,1821,3600,1000,1000,1000,1000,0
80000,1,1,3,27,9,9,9,10,9,9,22381,11420,7021,6157,7606,3432,1500,3000,6157,1500,138,59,1
80000,1,1,2,27,9,10,10,11,11,11,13165,2100,0,0,0,0,2100,0,0,0,0,0,0
80000,1,1,3,27,7,10,9,9,9,9,40846,3099,1950,1170,780,780,1149,1000,0,0,0,2440,1
80000,1,1,2,27,8,11,11,11,11,11,0,0,0,0,0,0,0,0,0,0,0,0,1
80000,1,1,2,27,9,9,9,9,9,9,58323,60741,62813,65151,66568,70168,4000,3662,4000,2500,4509,2309,0
80000,1,1,2,27,9,9,7,7,7,9,10100,59714,62163,62756,61149,62464,50000,4000,2200,0,2300,5108,0
80000,1,1,2,27,8,11,11,11,11,11,0,0,0,0,0,0,0,0,0,0,0,0,0
90000,1,1,2,27,7,7,7,7,9,9,90221,91898,91334,59253,58519,58443,4000,2090,0,2078,2900,2000,1
90000,1,1,2,27,7,7,7,7,7,9,88072,90221,91898,91334,59253,58519,4500,4000,2090,0,2078,2900,1
100000,1,1,2,27,9,9,9,9,9,9,98746,99118,66147,64691,49332,50366,4146,2556,2802,1786,1850,2000,0
10000,1,1,2,28,7,9,9,10,10,9,6302,6390,0,1170,9956,9992,1000,1600,1170,9956,282,91,1
20000,1,1,2,28,7,9,9,9,7,9,14043,13266,14340,15301,14916,15515,1600,1600,1500,0,1000,500,0
20000,1,1,3,28,8,11,11,11,11,11,0,0,0,0,0,0,0,0,0,0,0,0,0
20000,1,1,2,28,10,9,9,9,9,9,16122,16787,14459,14743,16351,17126,2000,2000,2000,2000,2000,2000,1
20000,1,1,2,28,10,7,7,7,9,9,3515,4301,5075,4845,6753,9615,1000,1000,0,2000,3000,2000,1
20000,1,1,2,28,8,7,9,9,9,9,5653,5419,6365,6608,7001,7233,0,1200,350,500,500,300,1
20000,1,1,2,28,8,7,9,9,9,7,18953,14043,13266,14340,15301,14916,18,1600,1600,1500,0,1000,0
20000,1,1,2,28,8,7,9,9,6,7,8055,7777,8805,12647,12173,11855,0,1158,4000,0,0,900,1
20000,1,1,2,28,8,7,7,7,9,9,18534,17944,20199,19492,19888,14087,0,2860,0,549,441,502,0
20000,1,1,3,28,9,9,9,7,9,9,19794,19519,20464,19756,19978,11680,1304,2900,0,773,626,8554,0
20000,1,1,3,28,9,9,9,9,9,9,16066,17477,17041,18239,17919,17398,2000,1400,1500,1000,1000,1000,1
30000,1,1,3,28,7,7,7,7,7,5,23848,23873,24182,26022,27462,27531,700,1000,2550,2013,1108,0,1
30000,1,1,2,28,7,7,7,7,7,6,300,300,300,300,1300,1150,0,0,0,1000,150,0,1
30000,1,1,2,28,7,7,7,9,9,9,22323,25961,25141,22272,22844,19436,4000,9,1000,1013,1300,10000,1
30000,1,1,2,28,8,7,7,7,9,9,25554,28031,28345,27591,28218,29880,3204,1068,0,1068,2136,600,1
30000,1,1,3,28,10,9,9,9,7,9,38390,20830,56262,59113,58016,30900,4200,36444,4360,4,2204,0,0
30000,1,1,2,28,9,9,9,9,10,10,11064,10030,9019,7970,1479,1635,1159,1159,1000,1479,1635,780,0
30000,1,1,2,28,9,9,9,9,7,7,22634,23638,24689,28809,30052,29057,1385,1440,4560,2001,1,1228,1
30000,1,1,3,28,7,7,7,7,7,7,23027,23848,23873,24182,26022,27462,1500,700,1000,2550,2013,1108,1
50000,1,1,2,28,9,9,9,9,9,9,48963,50381,50287,20406,20206,19690,2500,1293,839,870,940,865,0
50000,1,1,2,28,9,9,9,9,9,9,46709,12889,50199,74405,38772,39438,1690,38000,1500,4000,2000,1500,0
50000,1,1,2,28,7,7,7,9,9,7,28129,29184,28421,28751,30685,30040,1800,0,1100,2400,0,1500,1
50000,1,1,2,28,8,10,10,9,10,10,-9802,99,103,249,386,11504,10000,103,245,386,11504,2000,0
50000,1,1,2,28,9,9,9,9,9,9,17141,18361,19214,15519,15129,13747,1500,1211,516,520,622,5000,0
50000,1,1,2,28,9,9,9,9,9,9,57207,58211,48160,48398,17942,16334,2000,2100,1300,650,600,1652,0
50000,1,1,3,28,9,9,9,9,9,9,49468,49896,51057,49496,50688,50517,1900,2004,1900,2001,2200,2001,0
60000,1,1,2,28,7,7,7,7,7,7,53567,59629,60943,60716,58458,49529,6950,3250,1767,0,3654,0,0
70000,1,1,2,28,8,7,9,9,9,9,68970,67308,68582,68361,68060,68223,0,3005,2546,2602,2430,2659,0
70000,1,1,2,28,9,9,9,9,9,9,71199,49042,47087,28596,4465,3204,2507,3024,2122,0,0,48459,0
80000,1,1,2,28,8,7,7,9,9,9,38151,39227,38318,42614,86966,41950,2000,0,5000,1500,1500,7000,1
90000,1,1,2,28,9,9,7,9,9,9,15940,19742,19137,20212,20874,21387,4400,0,1400,1000,1000,1000,1
100000,1,1,2,28,10,9,9,10,10,10,103728,104908,65800,18300,33336,31558,3184,3000,18300,33336,984,63000,1
10000,1,1,2,29,7,7,3,3,3,3,142,142,142,142,142,142,0,0,0,0,0,0,1
10000,1,1,2,29,9,9,9,9,9,9,2944,4877,6287,7521,8389,9252,2000,1500,1500,1000,1000,1000,0
20000,1,1,2,29,9,9,9,9,9,9,11455,12866,5596,7337,8063,8769,2000,1500,2000,1000,1000,2100,0
20000,1,1,3,29,9,9,9,11,11,11,11136,20649,-1001,-1,-1,-1,10000,0,1000,0,0,0,0
20000,1,1,2,29,10,10,10,10,10,10,4453,7997,6573,7422,4381,11718,8019,6779,7547,4589,12000,7556,0
20000,1,1,4,29,4,5,6,7,6,6,1800,1800,1800,1800,1800,1800,0,0,0,0,0,0,0
20000,1,1,3,29,8,11,11,11,11,11,0,0,0,0,0,0,0,0,0,0,0,0,0
20000,1,1,2,29,8,7,9,9,9,9,5957,4909,5865,17935,19353,20094,0,2000,13500,2500,2000,1500,1
20000,1,1,3,29,9,9,9,9,11,11,14171,11136,20649,-1001,-1,-1,2000,10000,0,1000,0,0,0
20000,1,1,3,29,9,9,9,9,9,9,14576,16318,17388,17850,17737,27240,2000,1354,2113,1000,1000,1000,0
30000,1,1,2,29,10,10,10,10,11,11,390,0,780,0,0,0,0,780,0,0,0,0,0
30000,1,1,2,29,8,11,11,11,11,10,0,0,0,0,0,7035,0,0,0,0,7035,0,1
30000,1,1,2,29,9,9,9,9,9,9,28547,29398,29864,30115,15818,13813,1700,1500,1010,1000,1000,1200,0
30000,1,1,2,29,9,9,9,9,9,9,27904,28547,29398,29864,30115,15818,1500,1700,1500,1010,1000,1000,0
30000,1,1,2,29,9,9,9,9,7,7,10305,11327,12354,13840,13320,14501,1500,1514,2000,0,1400,0,0
50000,1,1,3,29,8,7,9,9,9,9,22446,21799,23130,24432,26862,29244,0,1698,2000,3000,3000,5000,0
50000,1,1,2,29,9,9,7,9,9,10,7334,7344,5420,4104,1596,1594,2500,0,1596,0,1594,0,1
50000,1,1,2,29,9,9,9,9,9,9,47863,48261,19258,19268,19040,19555,2000,2000,1000,1000,1000,1000,0
50000,1,1,2,29,11,11,11,11,11,11,0,0,0,0,0,0,0,0,0,0,0,0,0
50000,1,1,2,29,9,9,9,9,9,9,49156,50162,49170,49426,50906,45886,4000,2400,2000,2459,2100,5000,0
50000,1,1,2,29,7,7,6,6,6,6,1050,1050,1050,1050,1050,1050,0,0,0,0,0,0,1
50000,1,1,3,29,8,7,7,7,9,9,47479,46415,50351,49038,28661,30398,0,4690,0,1000,2159,0,0
50000,1,1,3,29,9,9,9,10,10,10,9527,9907,9660,880,990,780,2000,1092,880,990,780,0,0
50000,1,1,2,29,8,10,10,10,10,10,0,1899,832,0,1662,4537,1899,832,0,1662,4537,2943,0
50000,1,1,2,29,9,9,9,9,9,9,46803,47796,49024,50192,49515,48038,1772,2000,2100,5400,8174,1687,0
50000,1,1,2,29,8,7,7,7,9,9,43933,42927,46324,45283,48042,50834,0,4100,0,3780,3515,1800,1
60000,1,1,2,29,9,9,9,9,9,9,4262,11674,6281,7920,8472,8735,7662,1269,1908,1000,727,0,0
60000,1,1,2,29,9,9,9,9,9,9,4511,5529,6544,7093,7973,9038,1096,1111,660,1000,1200,0,1
80000,1,1,2,29,9,9,9,9,9,9,46638,47680,48395,49356,50560,51431,2091,1806,1767,2000,1767,1740,0
80000,1,1,3,29,9,9,9,9,9,9,42488,43805,45126,45775,48033,56981,2000,2051,1700,3000,10000,2200,0
80000,1,1,3,29,7,7,9,9,7,5,69578,67871,68782,73955,79128,82275,0,2600,6332,7000,5000,0,1
80000,1,1,3,29,9,9,9,9,9,9,52175,45429,46595,47224,46903,46973,2034,2200,1738,1796,1832,1842,0
90000,1,1,2,29,9,9,9,9,9,9,83683,65192,46273,46979,48139,44432,4000,3000,1700,2000,1591,2647,0
100000,1,1,2,29,9,9,9,9,9,11,47919,30820,28503,6810,-3,-3,2000,1000,1039,12920,0,0,0
10000,1,1,3,30,9,9,6,7,9,9,8315,11267,10626,10160,10052,9635,3258,0,0,357,400,300,0
10000,1,1,3,30,8,7,9,9,9,9,9211,8119,7604,7637,6056,2852,0,1176,1000,121,57,5507,1
10000,1,1,3,30,9,9,9,6,7,9,7470,8315,11267,10626,10160,10052,1141,3258,0,0,357,400,1
20000,1,1,3,30,9,9,10,10,10,11,16925,12216,1179,1536,-301,-301,1000,1179,1536,0,0,0,1
20000,1,1,3,30,9,9,10,9,9,11,19522,23249,16668,18389,17898,18462,4358,16730,3395,1898,1000,4674,0
20000,1,1,3,30,9,9,9,9,10,9,19131,17834,18790,-27490,20001,17985,1500,1400,0,47700,700,1000,0
30000,1,1,2,30,8,7,7,7,7,7,4318,5096,6353,7092,7972,7702,1000,1500,1000,1000,0,1000,0
30000,1,1,3,30,6,7,7,2,2,2,2400,2400,2400,2400,2400,2400,0,0,0,0,0,0,1
50000,1,1,2,30,8,7,6,7,7,7,31217,33423,32600,31777,33966,34759,3000,0,0,2700,1500,0,0
50000,1,1,2,30,9,9,9,9,7,9,6615,7640,8649,9302,9008,9188,1135,1144,797,0,329,490,0
50000,1,1,3,30,9,9,9,9,9,9,50545,49502,46418,19980,19751,20477,2603,1621,1000,1000,1204,1000,1
50000,1,1,2,30,7,9,9,9,9,9,50110,50322,27078,19107,19506,20024,1500,1620,1000,707,841,657,1
50000,1,1,2,30,9,9,9,9,11,11,49631,49641,50355,0,0,0,3000,2000,0,0,0,0,0
50000,1,1,3,30,7,7,7,9,9,9,15397,17699,17127,18076,17061,17419,2882,0,1259,591,613,608,1
50000,1,1,2,30,9,9,9,9,9,9,43702,44979,46755,47412,47703,49495,2000,2501,2000,2000,2500,2000,0
50000,1,1,2,30,9,9,9,9,10,10,9610,9132,8681,8039,4952,390,1147,1169,1000,4986,390,390,1
50000,1,1,3,30,9,9,9,9,9,9,37208,38204,39243,40255,41057,41914,1615,1654,1666,1468,1517,1528,1
50000,1,1,2,30,9,9,9,9,9,9,46860,48581,48968,18949,19181,20245,2500,1700,1600,811,2000,0,0
50000,1,1,3,30,8,7,7,9,9,9,17479,18195,17614,18630,19000,19421,1300,0,1310,680,727,6000,1
60000,1,1,2,30,9,9,9,9,9,9,26324,27471,28108,21993,19899,19771,1576,1213,648,768,1140,0,1
60000,1,1,2,30,9,9,9,9,9,9,54952,56021,54126,58732,59306,59728,2600,4553,5800,2000,1000,1462,1
70000,1,1,3,30,9,9,9,9,9,9,19882,20611,21859,22445,22935,23404,1352,1600,949,1000,1000,1000,0
70000,1,1,3,30,9,9,9,7,9,9,67730,67021,67328,60962,61146,56066,3000,6006,0,1900,2000,2000,0
80000,1,1,2,30,9,9,9,9,9,9,78010,5976,5812,4788,3758,3812,1106,1060,154,147,127,52,1
80000,1,1,2,30,7,9,9,9,9,9,79629,78010,5976,5812,4788,3758,1691,1106,1060,154,147,127,1
100000,1,1,2,30,9,9,9,9,9,9,87579,72308,53505,43371,48125,40388,4172,2094,3007,10021,3012,1527,0
100000,1,1,2,30,9,9,9,9,9,9,46675,46567,46638,46454,46262,47823,1800,2000,1700,1683,3500,1500,1
100000,1,1,3,30,7,7,7,7,9,9,68436,66783,74555,72759,74131,75603,0,9557,0,2700,2707,3120,1
100000,1,1,2,30,9,9,9,9,9,9,92218,78066,77240,87919,75386,69410,3435,4608,25140,2566,2375,4621,0
100000,1,1,2,30,9,9,9,9,7,7,37709,39588,42455,45173,46134,45263,2500,3500,3420,2000,0,6000,1
100000,1,1,3,30,9,9,9,7,9,9,50512,49374,51644,45920,21659,10861,2000,5138,75,1032,32,15127,0
10000,1,1,2,31,9,9,7,9,9,9,10119,10188,9089,9271,9618,8516,3000,0,295,459,1500,2000,0
10000,1,1,2,31,9,9,9,9,9,9,5062,5687,6132,5851,5735,6087,1259,1100,197,362,1000,1000,0
20000,1,1,3,31,9,9,9,9,9,11,17557,18739,19473,17136,0,0,1466,1200,343,0,0,0,0
20000,1,1,2,31,7,7,7,7,7,7,13335,15617,15090,16859,16472,21819,2800,0,2001,0,5782,0,0
20000,1,1,2,31,9,9,9,9,9,9,7222,13627,11974,11467,10469,9380,10009,2004,5013,3010,3690,4384,0
20000,1,1,2,31,6,7,7,7,9,9,11358,10884,13109,12602,13093,13433,0,2716,0,700,700,500,1
20000,1,1,2,31,7,7,7,9,9,9,16509,19116,18028,18200,16844,18082,2906,0,1250,594,3000,819,1
30000,1,1,2,31,6,7,9,9,9,7,30588,26860,21165,21281,22938,22422,0,1646,762,2000,0,647,1
30000,1,1,2,31,9,9,9,9,9,11,27838,28791,27788,29784,0,0,1703,1200,2196,2500,0,0,1
30000,1,1,3,31,7,10,10,10,10,10,390,390,390,0,780,0,390,390,0,780,0,0,0
30000,1,1,2,31,9,9,9,9,9,9,28275,29772,27821,28075,29682,28001,2000,2000,2000,2014,2000,2000,0
30000,1,1,2,31,8,6,7,9,9,9,31405,30588,26860,21165,21281,22938,0,0,1646,762,2000,0,1
50000,1,1,2,31,9,9,9,9,7,9,40011,33648,35082,38286,37543,0,1566,2000,3800,0,1546,0,0
50000,1,1,2,31,9,9,9,7,9,9,5458,7208,17221,16738,17106,15415,2000,10600,0,700,3000,4200,0
50000,1,1,3,31,8,11,11,11,11,11,0,0,0,0,0,0,0,0,0,0,0,0,0
50000,1,1,2,31,9,9,9,9,9,9,49415,49547,15464,15701,12192,12515,1278,1195,432,443,526,291,0
50000,1,1,2,31,10,10,10,11,11,11,44461,8635,-2550,-3300,-3300,-3300,1000,0,0,0,0,0,1
50000,1,1,2,31,6,7,7,7,7,7,15208,14667,21204,21363,20722,22384,0,6828,800,0,2000,0,1
50000,1,1,2,31,9,9,9,9,9,7,45194,22298,16055,17281,18996,18553,1500,1500,1500,2000,0,1000,0
50000,1,1,3,31,9,10,10,10,10,10,1473,390,390,390,0,780,390,390,390,0,780,0,1
50000,1,1,3,31,8,8,11,11,11,11,43200,0,0,0,0,0,6000,0,0,0,0,0,0
60000,1,1,3,31,7,9,9,11,11,11,35369,35320,0,0,0,0,1027,0,0,0,0,0,1
60000,1,1,3,31,8,7,9,9,9,9,69311,60059,54851,38863,39135,39049,0,2293,1367,1407,1410,1400,1
60000,1,1,2,31,7,7,7,9,9,9,30841,34336,33489,35615,38027,39239,4000,0,3000,3000,2000,3000,0
60000,1,1,3,31,8,7,9,9,11,11,36243,35369,35320,0,0,0,0,1027,0,0,0,0,0
60000,1,1,2,31,7,7,7,7,9,9,31649,30841,34336,33489,35615,38027,0,4000,0,3000,3000,2000,1
80000,1,1,3,31,8,11,11,11,11,11,0,0,0,0,0,0,0,0,0,0,0,0,0
80000,1,1,3,31,7,9,9,7,9,9,28175,57433,61513,59769,61937,66088,30000,5000,0,3000,5000,5000,1
80000,1,1,3,31,8,7,9,9,9,9,27653,26703,26856,27844,27480,28061,0,1459,1447,983,1023,1042,0
80000,1,1,3,31,9,9,9,9,9,9,65088,65200,61969,40457,42875,44724,3000,4000,3000,3000,4000,3000,0
90000,1,1,3,31,9,9,9,9,9,9,68476,68485,67000,45837,49959,52981,4017,4000,4000,5000,4000,4000,0
90000,1,1,3,31,8,7,7,6,4,4,63276,61693,75670,83772,83401,81487,0,15000,10000,1500,0,1500,1
90000,1,1,3,31,9,9,9,9,9,9,67776,68476,68485,67000,45837,49959,4023,4017,4000,4000,5000,4000,0
20000,1,1,2,32,9,9,7,7,7,9,3677,6002,5758,12619,12274,15049,2400,0,7000,0,3000,4000,1
20000,1,1,2,32,8,7,9,9,9,9,19844,19238,20205,19588,20037,19880,0,1302,685,748,697,690,0
20000,1,1,2,32,9,9,9,9,7,7,4338,5355,6369,6891,6635,7287,1092,1106,628,0,762,0,0
20000,1,1,2,32,9,9,9,9,9,7,3448,4460,5326,6574,7417,2246,1230,1096,1344,1187,285,66,0
20000,1,1,3,32,8,6,7,7,9,9,15598,15055,16511,15953,16190,16777,0,2000,0,800,1000,1000,1
20000,1,1,2,32,8,7,9,9,9,9,20450,17861,18967,19633,18187,18568,0,1700,1300,651,674,756,1
30000,1,1,3,32,9,9,9,9,9,10,28292,30494,28317,16454,450,1400,3000,1431,483,0,700,0,0
30000,1,1,2,32,9,9,9,9,9,9,27995,28977,29366,29553,27677,16364,1456,2000,1400,554,327,0,0
30000,1,1,2,32,9,9,9,9,9,9,5981,7369,8542,9552,9743,10085,1500,1300,1159,350,500,370,0
50000,1,1,3,32,9,9,9,9,9,9,40992,35215,29156,18891,19443,19478,2026,2021,1000,1001,1000,707,0
50000,1,1,3,32,7,6,7,7,7,7,39589,40160,40796,41526,42209,44960,1500,1600,1700,1500,3600,0,1
50000,1,1,3,32,9,9,9,9,9,11,46727,47973,48990,49261,0,0,2000,2005,1745,0,0,0,1
50000,1,1,2,32,9,9,9,9,9,9,50114,50893,49660,29742,29311,29739,1991,1875,1044,1060,1211,1179,0
50000,1,1,2,32,7,9,9,9,9,9,40486,41526,42539,43532,42858,43481,1691,1704,1697,1558,1727,1446,1
50000,1,1,2,32,9,9,9,9,9,9,49760,51105,48516,19078,19220,19514,2189,1600,1600,700,700,857,1
50000,1,1,3,32,7,7,6,7,7,7,38023,39589,40160,40796,41526,42209,2500,1500,1600,1700,1500,3600,1
50000,1,1,3,32,9,9,9,9,9,10,47974,43680,22133,12882,8131,3983,3000,2871,1000,163,3983,3771,1
70000,1,1,3,32,9,9,9,9,9,9,68739,67629,69188,68392,69884,71284,3060,3300,2610,2750,2750,5500,0
70000,1,1,2,32,9,9,9,9,9,9,65460,65721,45492,45482,46371,47603,2352,2030,1800,2000,2000,2000,1
80000,1,1,2,32,9,9,9,9,9,9,78887,69433,48198,49182,49939,50626,2569,2000,2000,1770,2002,2008,0
80000,1,1,2,32,9,9,9,9,9,9,71375,18353,94675,90470,85449,80309,1414,83402,4000,3058,2903,2626,0
90000,1,1,2,32,9,9,9,10,10,11,87182,82741,68883,265,-613,-613,3045,1497,265,0,0,31000,0
100000,1,1,2,32,9,9,9,9,9,9,70003,31545,20974,19713,19848,18126,2035,2004,616,2007,1009,2015,0
100000,1,1,2,32,7,7,9,9,9,9,103540,98205,12605,10437,7920,7350,254,1418,250,306,524,23910,0
100000,1,1,2,32,9,9,9,9,10,10,54483,45433,40870,10726,1121,61067,2460,2220,1400,1121,61067,2210,0
10000,1,1,2,33,10,10,10,10,10,10,1655,1473,390,390,540,150,1473,390,390,540,150,3780,1
20000,1,1,3,33,7,9,9,9,9,11,20500,16237,20960,6914,1017,780,2191,1000,0,1017,780,6380,1
20000,1,1,2,33,8,7,7,7,7,7,16247,15689,18417,17802,19543,18442,0,3000,0,2000,0,1000,0
30000,1,1,3,33,7,9,9,9,9,9,29742,30266,45414,21331,21987,22452,1406,1366,1000,1000,980,1000,1
30000,1,1,2,33,9,9,9,9,9,9,30384,30134,30646,29657,30232,28415,3010,3000,3000,3000,1083,0,1
30000,1,1,3,33,6,7,7,9,9,7,19932,20708,20089,22717,26073,25583,1400,0,3000,5000,0,800,1
50000,1,1,3,33,9,9,9,9,9,9,50859,50462,50654,20046,20067,19703,2007,2199,691,707,703,697,0
50000,1,1,3,33,9,9,9,7,9,9,19374,17772,20090,19052,19601,16460,1346,2664,1261,782,606,583,0
50000,1,1,2,33,8,11,11,10,10,11,0,0,0,1000,0,0,0,0,1000,0,0,0,0
50000,1,1,2,33,9,9,9,9,9,9,47834,47821,48442,42550,16324,17556,1866,2007,1915,589,1500,1000,0
50000,1,1,2,33,9,9,10,9,10,9,8949,9745,30739,30266,14581,12930,1030,31117,2000,14840,259,0,0
60000,1,1,3,33,9,9,9,9,9,9,59615,59570,60851,56113,30326,30038,2300,2317,2500,1100,1300,1198,0
70000,1,1,3,33,9,9,9,9,9,9,70011,67411,65867,55969,41298,0,15000,3068,2410,0,0,0,1
80000,1,1,2,33,9,9,9,9,9,9,55424,56598,57724,58892,61991,63224,2068,2081,2113,5000,2264,2342,0
80000,1,1,2,33,9,9,7,7,7,7,30013,33514,34662,35784,37065,36320,4000,2000,2000,2000,0,3600,0
80000,1,1,3,33,10,10,10,10,10,10,390,390,390,1936,390,390,390,390,1936,390,390,390,1
80000,1,1,2,33,8,10,10,10,11,11,0,3495,500,0,0,0,3495,765,0,0,0,0,0
100000,1,1,2,33,8,11,10,7,10,9,0,0,1991,1991,93536,95373,0,1991,0,93536,3500,8000,0
10000,1,1,2,34,9,9,9,9,9,9,8813,8464,9474,9716,9960,10188,2148,1158,400,400,400,300,0
10000,1,1,2,34,9,9,9,9,9,9,7165,8647,9247,9431,8843,9075,2000,1141,325,331,389,1000,0
10000,1,1,2,34,9,9,9,9,9,9,8820,8813,8464,9474,9716,9960,1100,2148,1158,400,400,400,0
20000,1,1,3,34,7,9,9,9,9,9,15736,16762,17774,18125,18507,19063,1284,1296,647,672,864,1506,0
20000,1,1,2,34,10,10,7,7,11,11,390,780,780,0,0,0,780,0,0,0,0,0,1
20000,1,1,2,34,9,9,7,9,9,11,6569,6939,4679,2960,0,0,2449,0,1000,0,0,0,0
20000,1,1,2,34,8,5,6,7,7,7,15526,14996,14474,13944,15073,14692,0,0,0,1363,0,2000,0
20000,1,1,3,34,9,9,9,9,9,9,17692,17293,16803,16525,16185,-2623,2000,2004,1500,1500,0,19500,0
30000,1,1,2,34,7,7,7,9,9,9,24367,28682,27922,28632,29075,30891,4723,0,1173,1056,2300,0,1
50000,1,1,2,34,9,9,9,11,11,11,50375,51400,0,0,0,0,2400,0,0,0,0,0,0
50000,1,1,3,34,9,9,9,9,9,9,6808,6198,22456,19776,9433,7487,1318,19776,1096,572,645,0,0
50000,1,1,2,34,10,7,7,11,11,11,780,780,0,0,0,0,0,0,0,0,0,0,0
50000,1,1,2,34,9,9,9,7,9,9,9110,10454,12274,11780,14578,18309,1500,2000,0,3000,4000,0,0
50000,1,1,2,34,11,11,11,11,11,11,17095,18261,19313,19304,19725,5770,1448,1500,419,455,115,19627,0
50000,1,1,2,34,8,7,7,7,7,7,33776,34824,33988,36311,36918,36191,1900,0,3200,1500,0,3000,1
50000,1,1,2,34,9,9,9,9,9,9,44036,35498,33043,25556,24389,25436,4500,4000,3000,2500,4000,2500,0
50000,1,1,2,34,7,7,7,7,6,7,44951,45906,46872,49974,50023,53367,2000,2000,4200,1170,4300,0,1
50000,1,1,2,34,9,9,9,9,9,9,49454,49157,49773,48398,32584,33322,1792,2208,1513,1149,1245,1271,0
50000,1,1,3,34,9,9,9,7,9,9,15750,16472,15530,8440,1000,0,1300,2410,0,0,0,0,1
50000,1,1,2,34,9,9,9,9,11,11,49093,50375,51400,0,0,0,2400,2400,0,0,0,0,1
60000,1,1,2,34,9,9,9,9,9,9,35187,36236,37220,37963,38875,39184,1616,1600,1336,1500,1448,1157,1
60000,1,1,2,34,7,9,9,9,9,9,58501,59225,59592,58654,58664,59323,2300,2578,2039,2088,2767,1750,0
60000,1,1,2,34,10,10,10,10,10,10,326,326,326,326,476,326,326,326,326,476,326,326,1
60000,1,1,3,34,9,9,9,9,9,9,43293,28305,22298,22161,18667,19381,1368,1396,1287,654,1000,644,0
70000,1,1,3,34,9,9,9,9,9,9,63580,64688,66566,56942,58986,61031,3000,3002,2500,3000,3000,2502,0
70000,1,1,2,34,9,9,9,9,9,9,53972,23149,23968,25559,26134,26715,1700,1500,2000,1000,1000,2000,0
80000,1,1,2,34,9,9,9,9,9,9,78562,56877,57761,58707,56220,60463,2100,2100,2100,2100,5500,5200,0
80000,1,1,2,34,9,9,9,9,9,9,45876,46565,47967,48804,49624,50031,1752,2154,1991,1811,1742,2000,0
80000,1,1,3,34,8,7,7,7,7,7,71104,72737,73987,72199,76621,78451,3400,3000,0,5637,3200,0,1
80000,1,1,3,34,10,10,9,9,10,9,5173,10809,8673,11590,5973,5878,10826,3683,5034,5981,2895,3789,0
80000,1,1,2,34,9,9,9,9,9,7,72463,77862,78520,69750,48707,47418,7000,3000,3000,3600,0,2000,1
90000,1,1,1,34,11,11,11,11,11,11,33957,4976,176,21601,7423,9252,4990,176,21665,8213,9279,16445,0
90000,1,1,2,34,9,9,9,9,9,9,74012,76777,78594,39209,40057,40744,4600,4300,2700,1500,1400,2000,0
10000,1,1,2,35,9,9,9,9,9,9,7877,8918,9864,9673,9414,9156,1174,1120,310,316,1000,2000,0
10000,1,1,3,35,9,9,9,9,9,9,7536,8152,8779,9379,9565,9062,1136,1153,1143,329,418,180,1
20000,1,1,2,35,11,11,11,11,10,10,0,0,0,0,13007,13912,0,0,0,13007,1122,0,0
20000,1,1,2,35,10,6,7,9,9,9,8918,8634,8280,11500,9000,0,0,0,4000,7000,0,0,0
20000,1,1,3,35,8,7,9,9,9,9,24122,23089,22422,20794,19914,7476,1300,1481,503,2019,233,100,0
20000,1,1,2,35,9,9,9,9,9,9,17365,19001,20269,18654,18914,20200,2618,2276,791,686,1600,0,0
20000,1,1,2,35,9,9,9,9,9,9,16500,17012,18181,19331,19113,17996,1281,1450,1600,382,383,345,0
20000,1,1,2,35,9,9,9,9,9,9,16958,17028,15421,13895,11592,11433,1699,1600,2000,1000,1500,1000,0
30000,1,1,2,35,8,7,7,9,9,9,29147,30268,29505,29916,14330,29000,1900,0,1300,884,780,0,1
30000,1,1,2,35,9,9,9,9,9,9,27224,28359,27458,26539,28556,28621,2001,5101,2002,3031,3095,2175,0
30000,1,1,3,35,9,9,9,9,9,9,28486,28182,26168,23119,23268,29327,2000,3000,5000,3000,7000,1156,0
50000,1,1,3,35,9,9,7,9,9,7,35214,37305,34789,8671,9550,8741,3900,2,500,1000,0,500,0
50000,1,1,2,35,9,9,9,10,10,10,41646,43257,31473,1473,1473,3873,4000,5300,1473,1473,3873,390,0
50000,1,1,3,35,9,9,9,9,9,9,50500,50181,49630,50153,30914,29200,2000,2200,1968,1106,1040,1069,1
50000,1,1,2,35,9,9,9,9,9,9,38536,39891,41945,44064,45182,47408,2000,2381,2500,1500,3000,0,0
50000,1,1,2,35,8,7,9,9,9,7,51350,50214,50035,50495,52073,51120,0,2160,2000,4300,0,2061,0
70000,1,1,4,35,7,7,7,7,7,7,47702,48839,49636,50517,51658,52758,2200,1900,2000,2100,2100,2000,0
70000,1,1,3,35,9,9,7,7,7,7,27915,31009,31914,32394,31574,34053,3577,1700,1300,0,3000,1385,0
80000,1,1,2,35,7,9,9,9,9,9,88027,85314,84147,59671,80941,27436,3264,4092,2400,43532,1511,1200,1
90000,1,1,3,35,8,10,7,7,10,7,0,800,400,0,950,400,800,0,0,950,0,0,0
90000,1,1,3,35,9,9,9,9,9,9,86821,71263,73515,74100,23500,23500,4000,4000,3000,0,0,0,0
100000,1,1,3,35,7,7,9,9,7,7,101326,97751,92431,97227,88899,93766,0,3500,7000,0,7000,0,1
100000,1,1,3,35,9,9,9,9,9,9,96521,98728,74239,75704,55704,56810,3938,2515,2516,4022,2032,2112,0
100000,1,1,2,35,7,7,7,7,7,7,67646,69237,70638,71680,72705,74195,3300,3100,2800,2800,2800,2800,1
100000,1,1,2,35,8,7,9,10,10,10,23704,21774,21818,1261,1261,1261,0,2000,1261,1261,1261,1651,1
100000,1,1,3,35,9,9,9,9,9,9,94467,96521,98728,74239,75704,55704,3627,3938,2515,2516,4022,2032,0
10000,1,1,2,36,10,10,10,10,7,7,6517,344,0,10040,9735,10362,344,900,10040,0,790,0,0
10000,1,1,2,36,9,9,9,9,7,9,6470,7404,8415,9075,8785,8959,1200,1440,800,0,320,900,1
10000,1,1,2,36,10,10,10,10,9,9,576,3100,3629,6260,5990,6520,4009,4011,6260,120,2000,2000,1
10000,1,1,3,36,9,9,9,7,7,7,5104,6133,8432,8150,8945,8657,1274,2573,0,1086,0,353,0
10000,1,1,2,36,9,9,9,9,9,9,6728,8050,9531,9904,9310,19000,1446,2017,1000,186,190,0,0
20000,1,1,2,36,8,10,10,10,10,10,0,832,0,832,1486,0,832,0,832,1486,0,1248,0
20000,1,1,3,36,9,9,9,9,9,9,18839,19919,20042,20204,19662,14218,1690,1203,755,701,600,115,0
20000,1,1,3,36,9,9,9,10,10,10,6620,7114,3948,18838,-71,8929,2151,3600,20044,65,9000,5203,0
20000,1,1,3,36,7,7,6,6,6,6,1050,1050,1050,1050,1050,1050,0,0,0,0,0,0,1
20000,1,1,3,36,1,2,3,4,5,6,24166,23845,23214,22583,21662,21031,0,0,0,0,0,0,1
20000,1,1,2,36,9,9,9,9,9,10,18786,19015,20149,19870,-200,16636,1615,1749,1250,200,20901,1100,0
20000,1,1,3,36,6,7,7,6,6,6,1050,1050,1050,1050,1050,1050,0,0,0,0,0,0,1
20000,1,1,2,36,10,10,10,10,10,10,416,0,832,0,832,1486,0,832,0,832,1486,0,0
20000,1,1,2,36,10,9,10,10,9,9,16842,16300,390,14536,7446,0,1000,390,14536,149,0,8346,0
30000,1,1,2,36,9,9,9,11,11,11,30328,29999,0,0,0,0,1768,0,0,0,0,0,1
30000,1,1,3,36,10,10,10,10,9,10,1493,1555,390,780,390,390,1858,390,780,0,390,0,0
50000,1,1,2,36,9,9,9,9,9,9,52855,49123,49522,19843,18440,18272,2206,1605,397,369,365,1088,0
50000,1,1,3,36,9,9,9,9,9,9,74969,76012,77330,70579,63751,56977,2846,2671,2396,2177,2146,2055,1
50000,1,1,2,36,9,9,9,9,11,11,47911,48418,7000,0,0,0,2166,1000,0,0,0,0,0
50000,1,1,3,36,8,6,7,4,5,6,21031,20411,23766,23114,22173,21521,0,4000,0,0,0,1250,1
50000,1,1,2,36,7,7,2,2,2,2,2400,2400,2400,2400,2400,2400,0,0,0,0,0,0,1
50000,1,1,3,36,9,9,9,10,10,11,10849,3701,4600,2300,0,0,1101,1000,2300,0,0,0,0
50000,1,1,3,36,9,9,9,9,9,9,36809,24248,18588,18958,19355,19788,1601,1309,679,703,755,396,0
50000,1,1,3,36,7,9,9,9,9,9,47097,46006,36272,11521,2678,5468,1796,1284,1060,100,99,273,1
50000,1,1,3,36,6,7,7,7,7,10,150,150,150,150,150,930,0,0,0,0,930,0,1
50000,1,1,3,36,9,9,9,9,9,9,44917,46230,49319,50401,18919,19469,2061,4150,2232,750,929,611,0
50000,1,1,2,36,9,9,7,7,7,7,22312,25349,26075,25358,27123,27509,3416,1425,0,2190,965,0,0
60000,1,1,2,36,6,7,9,9,9,9,56807,55339,55751,37851,34195,33499,0,2141,2000,2000,2000,2000,0
60000,1,1,2,36,9,9,9,9,9,9,34364,34246,13266,19876,19274,17923,5000,1029,19507,1000,358,3045,0
60000,1,1,3,36,8,11,11,11,11,11,0,0,0,0,0,0,0,0,0,0,0,0,1
80000,1,1,3,36,9,9,9,9,9,9,81066,80873,81244,80391,75589,77373,3000,2929,3000,5522,3000,6200,0
80000,1,1,3,36,9,9,9,9,9,9,65554,66858,68279,69674,71070,73612,2395,2500,2530,2556,3700,3000,0
100000,1,1,2,36,7,9,9,9,9,7,38546,42298,42636,44728,49192,51391,4400,1028,3120,6218,4016,4536,0
100000,1,1,3,36,7,9,9,7,9,9,8674,10520,13337,12829,15446,17178,2000,3000,0,3000,2000,2000,1
10000,1,1,3,37,9,9,9,9,9,11,14498,7512,7308,5275,0,0,2248,1120,375,0,0,0,0
10000,1,1,3,37,10,10,10,10,10,10,678,500,381,2977,1000,0,602,381,2986,1203,0,0,1
10000,1,1,2,37,9,9,9,9,9,9,4950,5963,6983,7993,8151,8322,1103,1123,1133,291,302,1000,1
20000,1,1,2,37,9,9,9,10,10,11,19716,20518,16551,1700,0,0,1547,1350,1700,0,0,0,0
20000,1,1,3,37,9,10,10,10,10,10,1439,1251,390,390,370,-20,1251,400,390,370,0,800,0
20000,1,1,3,37,9,10,9,9,9,9,18629,19202,20459,19493,17289,17684,21473,1576,2000,600,1000,700,0
20000,1,1,2,37,9,9,7,7,11,11,18623,21501,20650,0,0,0,3501,0,0,0,0,0,0
30000,1,1,2,37,9,9,9,9,9,9,22629,11332,12471,7985,13619,17997,5002,5003,7983,10000,10103,10106,0
30000,1,1,2,37,8,7,7,9,9,9,24095,24796,23722,24630,24934,25264,1398,0,1696,1000,1500,500,0
50000,1,1,2,37,7,7,7,6,7,7,46004,45976,48953,48851,49318,51143,1000,4035,1000,1400,2800,0,1
50000,1,1,3,37,6,7,7,9,9,9,30411,31130,30308,28902,29215,28963,1500,0,1016,1046,1129,869,1
50000,1,1,2,37,9,9,9,9,9,9,28951,29631,29177,29544,19863,18812,1765,1653,1400,0,0,300,0
50000,1,1,3,37,4,5,6,7,9,9,54078,52946,51841,50306,49706,49706,0,0,0,0,0,0,0
50000,1,1,3,37,9,9,9,9,9,9,44320,45211,45559,46164,46685,47272,2021,3259,1754,1665,1723,2099,0
50000,1,1,2,37,10,9,9,9,9,9,20248,50797,53340,45661,20180,21155,45535,3500,1424,2000,1300,754,0
50000,1,1,3,37,10,10,7,7,10,10,3057,3427,3207,0,1250,5245,3000,0,0,1250,5245,0,1
70000,1,1,3,37,9,9,9,9,9,9,71742,70978,70949,68782,68100,68677,2721,2714,2632,2600,2800,2573,0
80000,1,1,3,37,9,9,9,9,9,9,51925,51544,49430,46864,46473,48191,3018,2113,3007,2000,3000,20000,0
100000,1,1,2,37,9,9,9,9,9,9,20116,19319,16356,10144,8095,10140,4000,2000,4000,3095,5140,4122,0
100000,1,1,3,37,9,9,9,9,9,10,31647,32935,32689,17246,3175,35311,2129,1686,1043,409,62380,945,0
20000,1,1,3,38,9,9,10,10,10,10,19805,19900,390,390,0,780,1000,390,390,0,780,0,1
20000,1,1,2,38,9,9,9,9,10,10,11805,12186,9331,6927,12457,8900,1400,1023,0,12469,598,1,1
20000,1,1,2,38,9,9,9,9,9,9,18878,19286,18977,18335,18718,18475,1318,1289,647,669,664,682,0
20000,1,1,3,38,7,9,9,10,10,10,19868,19805,19900,390,390,0,1515,1000,390,390,0,780,1
20000,1,1,2,38,9,9,9,9,9,9,12248,15023,16773,18394,19268,14850,3000,2000,2000,2000,1003,904,0
20000,1,1,3,38,9,9,10,9,9,9,17860,11627,19648,18459,18824,19220,1400,19648,1307,672,698,718,0
20000,1,1,2,38,8,10,9,9,9,9,-2086,16116,17151,18161,18521,18911,18451,1300,1302,662,688,800,0
20000,1,1,3,38,9,9,9,9,9,9,17224,16533,17557,18666,19037,19434,1267,1291,1400,681,703,600,0
30000,1,1,2,38,8,7,9,9,9,9,30771,29975,27541,27785,28839,29412,0,2000,1000,1500,1052,591,0
30000,1,1,2,38,9,9,9,9,9,9,14095,15117,16130,16462,16808,17140,1255,1268,600,611,612,1000,0
50000,1,1,3,38,10,10,10,10,10,9,9536,0,1261,1261,2522,1261,7014,1261,1261,2522,0,780,0
50000,1,1,3,38,8,4,5,6,7,9,51106,50059,48988,47917,47020,48027,0,0,0,0,1943,1727,1
50000,1,1,3,38,9,9,9,9,9,9,10825,11377,10760,10973,10693,9888,1500,1155,368,372,356,500,0
50000,1,1,2,38,9,9,9,9,9,9,50174,32012,34274,38668,40416,20355,3000,3000,5000,2000,3000,1200,0
50000,1,1,3,38,9,9,9,9,9,9,44837,45385,45763,27659,28236,28797,1871,1852,990,1023,1029,1137,0
50000,1,1,3,38,9,9,9,9,9,9,31304,33479,34617,35735,37154,38380,3000,2000,2000,2000,2000,2000,0
50000,1,1,2,38,9,9,9,9,9,9,47350,44948,40326,19576,19565,19531,1772,1301,835,856,854,672,0
50000,1,1,2,38,8,7,9,9,9,9,38811,33993,35365,15426,17157,21842,0,2077,2000,2000,5000,0,0
50000,1,1,2,38,9,9,9,9,11,11,4269,5478,6190,0,0,0,1288,1000,0,0,0,0,0
50000,1,1,3,38,7,9,9,7,7,9,37501,34942,37502,34653,31352,29605,2000,3455,1007,8,2002,2029,1
60000,1,1,3,38,8,7,7,9,9,7,29295,30321,31018,32193,34213,35002,1800,1500,2000,2700,1500,0,0
60000,1,1,3,38,7,7,7,9,9,9,32232,25086,24404,25212,28147,30152,4000,0,1500,3500,2600,0,1
60000,1,1,2,38,9,10,10,10,10,10,3059,291,1131,441,443,732,291,1131,441,443,580,0,0
60000,1,1,3,38,7,7,7,7,9,9,33044,32232,25086,24404,25212,28147,0,4000,0,1500,3500,2600,1
70000,1,1,2,38,9,9,9,9,9,9,68370,69911,69970,57118,27510,27176,2682,2563,1568,970,1000,2000,1
80000,1,1,3,38,9,9,9,9,9,9,19277,20060,20977,20695,18587,20767,1400,1306,1019,685,2500,0,0
80000,1,1,3,38,10,10,7,9,10,7,6270,14412,12540,1261,2705,1261,19421,0,0,2705,0,1261,1
80000,1,1,2,38,9,9,9,9,9,9,7790,9123,10656,11474,13117,15899,1467,2000,1000,2000,3000,0,0
80000,1,1,3,38,10,10,7,7,11,10,197,2348,1260,0,0,16640,4568,352,0,0,16640,0,0
80000,1,1,3,38,9,9,9,9,9,9,79135,75786,76280,71790,49835,48880,3006,4009,3006,1879,2000,2144,0
90000,1,1,3,38,7,7,7,9,9,9,28774,29420,28502,30162,17274,15243,1400,0,2041,1007,1015,330,0
10000,1,1,3,39,8,7,9,9,9,9,10866,10094,9212,9633,9550,9334,0,1201,1062,254,288,365,1
20000,1,1,2,39,9,9,9,9,7,7,7824,9000,9867,11929,12091,12245,1307,1174,2236,500,500,0,0
20000,1,1,2,39,7,9,9,9,9,9,18243,17557,19880,19471,16211,14365,1677,3000,590,687,524,235,1
20000,1,1,3,39,9,9,9,9,9,9,16946,14960,12772,12630,12524,11179,1529,1161,409,444,405,163,0
20000,1,1,2,39,9,10,9,10,10,10,6530,8389,10090,3450,13030,9507,8389,5000,3450,13030,9507,19794,0
20000,1,1,3,39,9,9,10,9,9,9,19831,1391,19037,19939,15110,0,1300,20398,1300,694,0,0,0
20000,1,1,2,39,9,9,9,9,9,9,30892,16348,13593,10236,17541,16322,5000,2015,3000,10005,3414,270,0
20000,1,1,3,39,10,7,7,7,10,10,780,780,390,0,780,0,390,0,0,780,0,0,0
30000,1,1,2,39,9,9,9,9,9,9,10178,14491,15504,15812,16143,16606,4491,1257,565,585,730,1000,1
30000,1,1,2,39,8,7,9,9,9,9,27934,27206,28404,24865,24528,25011,0,2000,1100,1100,1042,917,1
50000,1,1,3,39,10,10,10,10,10,10,2522,0,2866,1961,1261,2681,13196,2866,1961,1261,2681,1261,0
50000,1,1,3,39,9,9,9,9,9,9,26979,21029,18765,19145,19229,19026,1328,1298,678,687,691,700,0
50000,1,1,3,39,9,9,11,11,11,11,44574,0,0,0,0,0,0,0,0,0,0,0,0
50000,1,1,2,39,9,10,10,7,9,9,34390,810,19009,18035,18364,18670,810,51000,0,1000,1000,1000,0
50000,1,1,2,39,10,10,10,9,9,9,238,-152,48257,48455,48195,48828,0,48799,1773,1711,1785,1745,1
50000,1,1,2,39,7,9,9,9,9,10,42245,42022,45811,48192,9498,6733,30003,13000,9036,6190,10135,16000,0
50000,1,1,2,39,9,9,10,10,7,9,34617,34390,810,19009,18035,18364,1000,810,51000,0,1000,1000,0
50000,1,1,3,39,9,9,9,9,9,9,23257,22938,21583,22453,21618,19525,1333,1500,1274,700,700,688,0
50000,1,1,2,39,9,9,9,9,9,9,39753,40701,41342,41424,41182,41187,2000,2000,2000,1600,2000,2000,1
50000,1,1,3,39,9,9,11,11,11,11,51400,0,0,0,0,0,0,0,0,0,0,0,1
50000,1,1,4,39,9,9,9,9,9,9,31514,32346,26223,25791,19476,19066,1710,1787,1295,825,684,784,0
50000,1,1,3,39,9,9,9,9,9,9,43127,44413,45697,46873,47188,48532,2000,2000,2000,2000,2000,2000,1
60000,1,1,3,39,9,9,9,9,9,9,36343,27996,25656,16907,15837,11195,5140,3008,3000,6000,2000,3000,0
70000,1,1,3,39,9,9,9,9,9,9,58665,55845,55362,39615,40477,43295,6852,2010,1500,1500,3500,2000,0
70000,1,1,2,39,9,9,9,9,9,9,63330,62711,57774,47326,50910,55059,5024,5043,5000,5000,5000,5000,0
70000,1,1,2,39,9,9,9,9,9,9,18219,19606,20980,22320,22650,23136,2000,2000,2000,1000,1000,2100,0
90000,1,1,3,39,9,9,9,9,9,9,93757,91359,88616,56887,46700,47272,4000,2625,2511,1501,1391,1393,1
